Name,Email,Phone,Title,Company,Department,Special_Requirements
Dr. Ahmed Hassan,ahmed.hassan@example.com,+20 123 456 7890,Cardiologist,Cairo Medical Center,Cardiology,Vegetarian meal
Dr. Sarah Mohamed,sarah.mohamed@example.com,+20 987 654 3210,Neurologist,Alexandria Hospital,Neurology,
Dr. Ahmed Hassan,ahmed.hassan@example.com,+20 123 456 7890,Cardiologist,Cairo Medical Center,Cardiology,Vegetarian meal
Dr. Ahmed Hassan,ahmed.hassan@example.com,+20 123 456 7890,Cardiologist,Cairo Medical Center,Cardiology,Vegetarian meal
Dr. Ahmed Hassan,ahmed.hassan@example.com,+20 123 456 7890,Cardiologist,Cairo Medical Center,Cardiology,Vegetarian meal
Dr. Sarah Mohamed,sarah.mohamed@example.com,+20 987 654 3210,Neurologist,Alexandria Hospital,Neurology,
Dr. Ahmed Hassan,ahmed.hassan@example.com,+20 123 456 7890,Cardiologist,Cairo Medical Center,Cardiology,Vegetarian meal
Dr. Sarah Mohamed,sarah.mohamed@example.com,+20 987 654 3210,Neurologist,Alexandria Hospital,Neurology,
Dr. Ahmed Hassan,ahmed.hassan@example.com,+20 123 456 7890,Cardiologist,Cairo Medical Center,Cardiology,Vegetarian meal
Dr. Ahmed Hassan,ahmed.hassan@example.com,+20 123 456 7890,Cardiologist,Cairo Medical Center,Cardiology,Vegetarian meal
Dr. Sarah Mohamed,sarah.mohamed@example.com,+20 987 654 3210,Neurologist,Alexandria Hospital,Neurology,
Dr. Ahmed Hassan,ahmed.hassan@example.com,+20 123 456 7890,Cardiologist,Cairo Medical Center,Cardiology,Vegetarian meal
Dr. Sarah Mohamed,sarah.mohamed@example.com,+20 987 654 3210,Neurologist,Alexandria Hospital,Neurology,
Dr. Ahmed Hassan,ahmed.hassan@example.com,+20 123 456 7890,Cardiologist,Cairo Medical Center,Cardiology,Vegetarian meal
Dr. Sarah Mohamed,sarah.mohamed@example.com,+20 987 654 3210,Neurologist,Alexandria Hospital,Neurology,
Dr. Ahmed Hassan,ahmed.hassan@example.com,+20 123 456 7891,Cardiologist,Cairo Medical Center,Cardiology,Vegetarian meal
Dr. Sarah Mohamed,sarah.mohamed@example.com,+20 987 654 3211,Neurologist,Alexandria Hospital,Neurology,
Dr. Ahmed Hassan,ahmed.hassan@example.com,+20 123 456 7892,Cardiologist,Cairo Medical Center,Cardiology,Vegetarian meal
Dr. Sarah Mohamed,sarah.mohamed@example.com,+20 987 654 3212,Neurologist,Alexandria Hospital,Neurology,
Dr. Ahmed Hassan,ahmed.hassan@example.com,+20 123 456 7893,Cardiologist,Cairo Medical Center,Cardiology,Vegetarian meal
Dr. Sarah Mohamed,sarah.mohamed@example.com,+20 987 654 3213,Neurologist,Alexandria Hospital,Neurology,
Dr. Ahmed Hassan,ahmed.hassan@example.com,+20 123 456 7894,Cardiologist,Cairo Medical Center,Cardiology,Vegetarian meal
Dr. Sarah Mohamed,sarah.mohamed@example.com,+20 987 654 3214,Neurologist,Alexandria Hospital,Neurology,
Dr. Ahmed Hassan,ahmed.hassan@example.com,+20 123 456 7895,Cardiologist,Cairo Medical Center,Cardiology,Vegetarian meal
Dr. Sarah Mohamed,sarah.mohamed@example.com,+20 987 654 3215,Neurologist,Alexandria Hospital,Neurology,
